ride_id,hour,vehicle_type,pickup_location,drop_location,status,wait_time,trip_duration,distance
4,0,Go Sedan,Kalkaji,ITO,Cancelled by Customer,8.456351971326166,,
11,0,Auto,Satguru Ram Singh Marg,Lal Quila,No Driver Found,,,
12,0,Bike,Karol Bagh,Subhash Nagar,No Driver Found,,,
1,0,Go Mini,Uttam Nagar,Tagore Garden,Completed,8.456351971326166,29.149636274509803,24.637011666666666
2,0,Bike,Govindpuri,Barakhamba Road,Completed,8.456351971326166,29.149636274509803,24.637011666666666
3,0,Auto,Noida Sector 18,Netaji Subhash Place,Completed,8.456351971326166,29.149636274509803,24.637011666666666
5,0,Premier Sedan,Panipat,Keshav Puram,Completed,8.456351971326166,29.149636274509803,24.637011666666666
6,0,Auto,Khan Market,Preet Vihar,Completed,8.456351971326166,29.149636274509803,24.637011666666666
18,0,Go Sedan,Chirag Delhi,Greater Kailash,No Driver Found,,,
7,0,Auto,Mansarovar Park,Ardee City,Completed,8.456351971326166,29.149636274509803,24.637011666666666
8,0,Auto,Golf Course Road,Ghaziabad,Incomplete,8.456351971326166,29.149636274509803,24.637011666666666
9,0,eBike,Punjabi Bagh,Lok Kalyan Marg,Completed,8.456351971326166,29.149636274509803,24.637011666666666
10,0,Go Mini,Ardee City,Rajiv Nagar,Completed,8.456351971326166,29.149636274509803,24.637011666666666
16,0,Go Sedan,Pulbangash,Golf Course Road,Cancelled by Driver,8.456351971326166,,
20,0,Bike,Shastri Park,Hauz Rani,Cancelled by Driver,8.456351971326166,,
13,0,Uber XL,Vasant Kunj,Kirti Nagar,Completed,8.456351971326166,29.149636274509803,24.637011666666666
14,0,Auto,Noida Sector 62,Shastri Park,Completed,8.456351971326166,29.149636274509803,24.637011666666666
15,0,Auto,Netaji Subhash Place,Shastri Park,Completed,8.456351971326166,29.149636274509803,24.637011666666666
25,1,Go Sedan,Vinobapuri,Munirka,Cancelled by Driver,8.456351971326166,,
17,0,Auto,Kalkaji,Ghaziabad,Completed,8.456351971326166,29.149636274509803,24.637011666666666
19,0,Uber XL,New Delhi Railway Station,Udyog Vihar,Completed,8.456351971326166,29.149636274509803,24.637011666666666
21,0,Auto,Mehrauli,Rajouri Garden,Completed,8.456351971326166,29.149636274509803,24.637011666666666
22,0,Go Sedan,Preet Vihar,Malviya Nagar,Completed,8.456351971326166,29.149636274509803,24.637011666666666
23,1,Go Sedan,Samaypur Badli,Khan Market,Completed,8.456351971326166,29.149636274509803,24.637011666666666
24,1,Auto,Netaji Subhash Place,IMT Manesar,Completed,8.456351971326166,29.149636274509803,24.637011666666666
26,1,Auto,Badarpur,Panipat,Completed,8.456351971326166,29.149636274509803,24.637011666666666
36,1,Bike,Jahangirpuri,Inderlok,No Driver Found,,,
37,1,eBike,Ghitorni,Basai Dhankot,No Driver Found,,,
27,1,Go Sedan,Chandni Chowk,Keshav Puram,Completed,8.456351971326166,29.149636274509803,24.637011666666666
28,1,Bike,Kherki Daula Toll,Greater Kailash,Incomplete,8.456351971326166,29.149636274509803,24.637011666666666
29,1,Auto,Uttam Nagar,Anand Vihar,Completed,8.456351971326166,29.149636274509803,24.637011666666666
30,1,Go Sedan,Model Town,Kashmere Gate ISBT,Completed,8.456351971326166,29.149636274509803,24.637011666666666
31,1,Premier Sedan,Kashmere Gate,South Extension,Completed,8.456351971326166,29.149636274509803,24.637011666666666
32,1,Auto,Kanhaiya Nagar,Seelampur,Completed,8.456351971326166,29.149636274509803,24.637011666666666
40,1,Auto,Jhilmil,Netaji Subhash Place,Cancelled by Customer,8.456351971326166,,
33,1,Go Mini,Sadar Bazar Gurgaon,Noida Sector 62,Completed,8.456351971326166,29.149636274509803,24.637011666666666
44,2,Go Mini,Chirag Delhi,Tughlakabad,Cancelled by Driver,8.456351971326166,,
34,1,Go Sedan,New Delhi Railway Station,Keshav Puram,Completed,8.456351971326166,29.149636274509803,24.637011666666666
35,1,Go Sedan,Pitampura,Jor Bagh,Completed,8.456351971326166,29.149636274509803,24.637011666666666
49,2,Auto,Preet Vihar,Greater Noida,No Driver Found,,,
38,1,Auto,Ramesh Nagar,Tis Hazari,Incomplete,8.456351971326166,29.149636274509803,24.637011666666666
39,1,Bike,Indirapuram,Model Town,Completed,8.456351971326166,29.149636274509803,24.637011666666666
41,2,Go Sedan,IFFCO Chowk,GTB Nagar,Incomplete,8.456351971326166,29.149636274509803,24.637011666666666
42,2,Go Sedan,MG Road,Rajiv Nagar,Completed,8.456351971326166,29.149636274509803,24.637011666666666
43,2,Bike,Ghitorni,Manesar,Completed,8.456351971326166,29.149636274509803,24.637011666666666
53,2,Premier Sedan,Noida Extension,Kalkaji,Cancelled by Driver,8.456351971326166,,
45,2,Bike,Rajiv Nagar,Tis Hazari,Completed,8.456351971326166,29.149636274509803,24.637011666666666
46,2,Go Mini,IFFCO Chowk,Mansarovar Park,Completed,8.456351971326166,29.149636274509803,24.637011666666666
55,2,Auto,Tilak Nagar,Dwarka Sector 21,Cancelled by Customer,8.456351971326166,,
47,2,Auto,Rithala,Rajiv Nagar,Completed,8.456351971326166,29.149636274509803,24.637011666666666
48,2,Auto,Govindpuri,IGNOU Road,Completed,8.456351971326166,29.149636274509803,24.637011666666666
58,2,Bike,Yamuna Bank,Pragati Maidan,Cancelled by Customer,8.456351971326166,,
50,2,Go Mini,Sadar Bazar Gurgaon,Lok Kalyan Marg,Completed,8.456351971326166,29.149636274509803,24.637011666666666
51,2,Go Sedan,Moolchand,Ghitorni Village,Completed,8.456351971326166,29.149636274509803,24.637011666666666
61,2,Premier Sedan,Uttam Nagar,Punjabi Bagh,Cancelled by Driver,8.456351971326166,,
52,2,Bike,IIT Delhi,RK Puram,Completed,8.456351971326166,29.149636274509803,24.637011666666666
63,3,eBike,IIT Delhi,Adarsh Nagar,Cancelled by Driver,8.456351971326166,,
54,2,Go Mini,Preet Vihar,Anand Vihar ISBT,Completed,8.456351971326166,29.149636274509803,24.637011666666666
56,2,Premier Sedan,Gurgaon Sector 56,Chhatarpur,Completed,8.456351971326166,29.149636274509803,24.637011666666666
69,3,eBike,Paschim Vihar,Ramesh Nagar,No Driver Found,,,
67,3,Bike,Maidan Garhi,Rajiv Chowk,Cancelled by Driver,8.456351971326166,,
57,2,eBike,Ghitorni,RK Puram,Completed,8.456351971326166,29.149636274509803,24.637011666666666
72,3,Auto,Badarpur,Badarpur,No Driver Found,,,
59,2,Premier Sedan,Bahadurgarh,Udyog Bhawan,Completed,8.456351971326166,29.149636274509803,24.637011666666666
74,3,Auto,Vidhan Sabha,IFFCO Chowk,No Driver Found,,,
71,3,Go Mini,Arjangarh,Gurgaon Railway Station,Cancelled by Driver,8.456351971326166,,
60,2,eBike,Rithala,Bahadurgarh,Completed,8.456351971326166,29.149636274509803,24.637011666666666
62,3,Premier Sedan,Maidan Garhi,Cyber Hub,Completed,8.456351971326166,29.149636274509803,24.637011666666666
64,3,Go Mini,IFFCO Chowk,Kashmere Gate,Completed,8.456351971326166,29.149636274509803,24.637011666666666
65,3,Go Sedan,Botanical Garden,Paschim Vihar,Completed,8.456351971326166,29.149636274509803,24.637011666666666
66,3,Bike,Udyog Vihar,ITO,Completed,8.456351971326166,29.149636274509803,24.637011666666666
78,3,eBike,Greater Kailash,Ashok Vihar,Cancelled by Customer,8.456351971326166,,
68,3,Premier Sedan,Sikanderpur,Moti Nagar,Completed,8.456351971326166,29.149636274509803,24.637011666666666
70,3,Go Sedan,Palam Vihar,IGNOU Road,Completed,8.456351971326166,29.149636274509803,24.637011666666666
73,3,Go Mini,Subhash Nagar,Rithala,Completed,8.456351971326166,29.149636274509803,24.637011666666666
75,3,Bike,Botanical Garden,Pulbangash,Completed,8.456351971326166,29.149636274509803,24.637011666666666
76,3,Premier Sedan,Sadar Bazar Gurgaon,Keshav Puram,Incomplete,8.456351971326166,29.149636274509803,24.637011666666666
84,4,Go Sedan,AIIMS,Paschim Vihar,Cancelled by Driver,8.456351971326166,,
77,3,Go Sedan,Janakpuri,Ashok Park Main,Completed,8.456351971326166,29.149636274509803,24.637011666666666
85,4,Go Mini,Govindpuri,Ardee City,Cancelled by Customer,8.456351971326166,,
79,3,Go Mini,Panipat,Bhikaji Cama Place,Completed,8.456351971326166,29.149636274509803,24.637011666666666
80,4,Go Mini,IMT Manesar,Karol Bagh,Completed,8.456351971326166,29.149636274509803,24.637011666666666
81,4,Go Sedan,New Delhi Railway Station,Central Secretariat,Completed,8.456351971326166,29.149636274509803,24.637011666666666
82,4,Bike,Karkarduma,Anand Vihar,Completed,8.456351971326166,29.149636274509803,24.637011666666666
83,4,Auto,Jor Bagh,Azadpur,Completed,8.456351971326166,29.149636274509803,24.637011666666666
89,4,Bike,Bahadurgarh,New Delhi Railway Station,Cancelled by Driver,8.456351971326166,,
91,4,Auto,Chandni Chowk,Noida Film City,Cancelled by Driver,8.456351971326166,,
86,4,Go Sedan,Dwarka Sector 21,Sultanpur,Completed,8.456351971326166,29.149636274509803,24.637011666666666
92,4,Go Sedan,Kherki Daula Toll,Paschim Vihar,Cancelled by Driver,8.456351971326166,,
87,4,Go Mini,Jor Bagh,Gwal Pahari,Completed,8.456351971326166,29.149636274509803,24.637011666666666
88,4,Go Sedan,Jahangirpuri,Ghitorni Village,Completed,8.456351971326166,29.149636274509803,24.637011666666666
99,5,Premier Sedan,Sohna Road,Subhash Nagar,Cancelled by Driver,8.456351971326166,,
90,4,eBike,Narsinghpur,Saidulajab,Completed,8.456351971326166,29.149636274509803,24.637011666666666
93,5,eBike,Noida Film City,ITO,Completed,8.456351971326166,29.149636274509803,24.637011666666666
94,5,Premier Sedan,Ashok Vihar,Mandi House,Completed,8.456351971326166,29.149636274509803,24.637011666666666
95,5,Bike,Central Secretariat,Lajpat Nagar,Completed,8.456351971326166,29.149636274509803,24.637011666666666
96,5,Auto,Shahdara,Rithala,Completed,8.456351971326166,29.149636274509803,24.637011666666666
104,5,Bike,Samaypur Badli,Paharganj,Cancelled by Driver,8.456351971326166,,
97,5,Auto,ITO,Patel Chowk,Incomplete,8.456351971326166,29.149636274509803,24.637011666666666
98,5,Go Sedan,Gwal Pahari,Sadar Bazar Gurgaon,Completed,8.456351971326166,29.149636274509803,24.637011666666666
105,5,Go Sedan,Janakpuri,Vidhan Sabha,Cancelled by Driver,8.456351971326166,,
100,5,Bike,Khan Market,Cyber Hub,Completed,8.456351971326166,29.149636274509803,24.637011666666666
101,5,Go Mini,Badshahpur,Mayur Vihar,Completed,8.456351971326166,29.149636274509803,24.637011666666666
102,5,Go Sedan,Jasola,Old Gurgaon,Completed,8.456351971326166,29.149636274509803,24.637011666666666
114,6,Go Sedan,Rajouri Garden,Rohini,No Driver Found,,,
103,5,Go Mini,Indirapuram,Vaishali,Completed,8.456351971326166,29.149636274509803,24.637011666666666
112,5,eBike,Moolchand,Arjangarh,Cancelled by Customer,8.456351971326166,,
115,6,Go Mini,Manesar,Satguru Ram Singh Marg,Cancelled by Customer,8.456351971326166,,
106,5,Bike,Maidan Garhi,Laxmi Nagar,Completed,8.456351971326166,29.149636274509803,24.637011666666666
119,6,Auto,IIT Delhi,Subhash Chowk,No Driver Found,,,
120,6,Premier Sedan,Meerut,Keshav Puram,No Driver Found,,,
107,5,Auto,Qutub Minar,Ghaziabad,Completed,8.456351971326166,29.149636274509803,24.637011666666666
108,5,Bike,IGNOU Road,Kashmere Gate ISBT,Completed,8.456351971326166,29.149636274509803,24.637011666666666
109,5,Go Sedan,Chhatarpur,Vishwavidyalaya,Completed,8.456351971326166,29.149636274509803,24.637011666666666
110,5,eBike,Vasant Kunj,Maidan Garhi,Completed,8.456351971326166,29.149636274509803,24.637011666666666
125,6,Bike,Nehru Place,Gwal Pahari,No Driver Found,,,
111,5,Go Mini,Pataudi Chowk,Samaypur Badli,Completed,8.456351971326166,29.149636274509803,24.637011666666666
127,6,Bike,Panchsheel Park,Moolchand,No Driver Found,,,
128,6,eBike,Rajiv Chowk,INA Market,No Driver Found,,,
113,5,Auto,Sonipat,IGNOU Road,Completed,8.456351971326166,29.149636274509803,24.637011666666666
130,6,Premier Sedan,Welcome,Adarsh Nagar,No Driver Found,,,
116,6,Auto,Pitampura,Palam Vihar,Completed,8.456351971326166,29.149636274509803,24.637011666666666
129,6,Go Mini,Cyber Hub,RK Puram,Cancelled by Driver,8.456351971326166,,
117,6,Go Sedan,Badshahpur,Sushant Lok,Completed,8.456351971326166,29.149636274509803,24.637011666666666
118,6,Auto,Chhatarpur,Vasant Kunj,Completed,8.456351971326166,29.149636274509803,24.637011666666666
121,6,Auto,Satguru Ram Singh Marg,Noida Extension,Completed,8.456351971326166,29.149636274509803,24.637011666666666
122,6,Go Mini,Netaji Subhash Place,DLF City Court,Completed,8.456351971326166,29.149636274509803,24.637011666666666
123,6,Go Mini,Munirka,Rohini West,Completed,8.456351971326166,29.149636274509803,24.637011666666666
133,6,Go Sedan,Mayur Vihar,Huda City Centre,Cancelled by Driver,8.456351971326166,,
124,6,Go Mini,Ashok Vihar,Dwarka Sector 21,Completed,8.456351971326166,29.149636274509803,24.637011666666666
134,6,Go Sedan,Noida Sector 18,Rohini,Cancelled by Driver,8.456351971326166,,
135,6,eBike,Ghaziabad,Mandi House,Cancelled by Customer,8.456351971326166,,
126,6,Bike,Satguru Ram Singh Marg,Paschim Vihar,Completed,8.456351971326166,29.149636274509803,24.637011666666666
131,6,Auto,Shahdara,Rajiv Chowk,Completed,8.456351971326166,29.149636274509803,24.637011666666666
132,6,Go Sedan,IMT Manesar,Samaypur Badli,Completed,8.456351971326166,29.149636274509803,24.637011666666666
139,7,Auto,Ashram,AIIMS,Cancelled by Driver,8.456351971326166,,
136,7,Premier Sedan,Pragati Maidan,Moti Nagar,Completed,8.456351971326166,29.149636274509803,24.637011666666666
137,7,Bike,Manesar,Indirapuram,Completed,8.456351971326166,29.149636274509803,24.637011666666666
138,7,Go Sedan,Noida Extension,Paharganj,Completed,8.456351971326166,29.149636274509803,24.637011666666666
145,8,Premier Sedan,Mehrauli,Nawada,Cancelled by Driver,8.456351971326166,,
140,7,Go Sedan,Mehrauli,Bhiwadi,Completed,8.456351971326166,29.149636274509803,24.637011666666666
141,7,Premier Sedan,Bhikaji Cama Place,Central Secretariat,Completed,8.456351971326166,29.149636274509803,24.637011666666666
148,8,Premier Sedan,Jhilmil,Panchsheel Park,Cancelled by Driver,8.456351971326166,,
142,8,Go Mini,Kirti Nagar,Hauz Rani,Completed,8.456351971326166,29.149636274509803,24.637011666666666
143,8,Premier Sedan,IIT Delhi,MG Road,Completed,8.456351971326166,29.149636274509803,24.637011666666666
144,8,Go Mini,Punjabi Bagh,Qutub Minar,Completed,8.456351971326166,29.149636274509803,24.637011666666666
154,8,Go Mini,Nawada,Paschim Vihar,Cancelled by Driver,8.456351971326166,,
146,8,Go Mini,Model Town,Saket,Completed,8.456351971326166,29.149636274509803,24.637011666666666
147,8,Premier Sedan,Greater Kailash,Basai Dhankot,Completed,8.456351971326166,29.149636274509803,24.637011666666666
149,8,Auto,Janakpuri,Pragati Maidan,Completed,8.456351971326166,29.149636274509803,24.637011666666666
150,8,Auto,Mehrauli,Chhatarpur,Completed,8.456351971326166,29.149636274509803,24.637011666666666
151,8,Go Sedan,Chirag Delhi,Noida Extension,Completed,8.456351971326166,29.149636274509803,24.637011666666666
152,8,Bike,Narsinghpur,DLF City Court,Completed,8.456351971326166,29.149636274509803,24.637011666666666
153,8,Bike,Saket,Gwal Pahari,Completed,8.456351971326166,29.149636274509803,24.637011666666666
155,8,Bike,AIIMS,Seelampur,Completed,8.456351971326166,29.149636274509803,24.637011666666666
163,9,eBike,Indirapuram,Jama Masjid,Cancelled by Driver,8.456351971326166,,
156,8,Auto,Lal Quila,Kherki Daula Toll,Completed,8.456351971326166,29.149636274509803,24.637011666666666
157,8,Bike,IMT Manesar,Chirag Delhi,Completed,8.456351971326166,29.149636274509803,24.637011666666666
158,8,Bike,New Delhi Railway Station,Subhash Chowk,Completed,8.456351971326166,29.149636274509803,24.637011666666666
159,8,Premier Sedan,Noida Sector 62,Indirapuram,Completed,8.456351971326166,29.149636274509803,24.637011666666666
160,8,Go Mini,Gurgaon Sector 29,Ramesh Nagar,Completed,8.456351971326166,29.149636274509803,24.637011666666666
161,9,eBike,Gwal Pahari,DLF Phase 3,Completed,8.456351971326166,29.149636274509803,24.637011666666666
162,9,Go Mini,Faridabad Sector 15,Sadar Bazar Gurgaon,Completed,8.456351971326166,29.149636274509803,24.637011666666666
164,9,eBike,Vishwavidyalaya,Ashok Vihar,Incomplete,8.456351971326166,29.149636274509803,24.637011666666666
174,9,Auto,Mandi House,Qutub Minar,No Driver Found,,,
175,9,Premier Sedan,Badshahpur,Jhilmil,No Driver Found,,,
165,9,Premier Sedan,Rohini West,Patel Chowk,Completed,8.456351971326166,29.149636274509803,24.637011666666666
166,9,Auto,Rohini,IGNOU Road,Completed,8.456351971326166,29.149636274509803,24.637011666666666
178,9,Go Sedan,IGI Airport,Bhikaji Cama Place,No Driver Found,,,
167,9,Go Sedan,Ramesh Nagar,Vasant Kunj,Completed,8.456351971326166,29.149636274509803,24.637011666666666
168,9,eBike,Jahangirpuri,Lajpat Nagar,Completed,8.456351971326166,29.149636274509803,24.637011666666666
169,9,Bike,Gurgaon Sector 29,Welcome,Completed,8.456351971326166,29.149636274509803,24.637011666666666
170,9,Auto,DLF Phase 3,Netaji Subhash Place,Completed,8.456351971326166,29.149636274509803,24.637011666666666
171,9,Premier Sedan,Vatika Chowk,Saket,Completed,8.456351971326166,29.149636274509803,24.637011666666666
172,9,Go Sedan,AIIMS,Kherki Daula Toll,Completed,8.456351971326166,29.149636274509803,24.637011666666666
183,10,Bike,Preet Vihar,Netaji Subhash Place,Cancelled by Driver,8.456351971326166,,
184,10,Premier Sedan,Ashram,MG Road,Cancelled by Driver,8.456351971326166,,
173,9,Go Sedan,Vinobapuri,Lok Kalyan Marg,Completed,8.456351971326166,29.149636274509803,24.637011666666666
176,9,Go Mini,Ghitorni,Kashmere Gate ISBT,Completed,8.456351971326166,29.149636274509803,24.637011666666666
177,9,Auto,Malviya Nagar,Udyog Vihar Phase 4,Incomplete,8.456351971326166,29.149636274509803,24.637011666666666
179,10,Go Sedan,Anand Vihar,Connaught Place,Completed,8.456351971326166,29.149636274509803,24.637011666666666
188,10,Go Mini,Old Gurgaon,Keshav Puram,Cancelled by Driver,8.456351971326166,,
180,10,Premier Sedan,ITO,IGNOU Road,Completed,8.456351971326166,29.149636274509803,24.637011666666666
181,10,Auto,Pataudi Chowk,Greater Kailash,Completed,8.456351971326166,29.149636274509803,24.637011666666666
182,10,Go Sedan,Udyog Vihar Phase 4,Vishwavidyalaya,Completed,8.456351971326166,29.149636274509803,24.637011666666666
191,10,Premier Sedan,Kalkaji,Rajiv Chowk,Cancelled by Driver,8.456351971326166,,
195,10,Go Sedan,Greater Noida,Ghitorni Village,Cancelled by Customer,8.456351971326166,,
185,10,Go Mini,IFFCO Chowk,Kadarpur,Completed,8.456351971326166,29.149636274509803,24.637011666666666
186,10,Auto,Greater Noida,Saket,Completed,8.456351971326166,29.149636274509803,24.637011666666666
196,11,Go Sedan,Gurgaon Sector 29,Saket A Block,Cancelled by Customer,8.456351971326166,,
187,10,eBike,Kalkaji,Qutub Minar,Completed,8.456351971326166,29.149636274509803,24.637011666666666
198,11,Go Sedan,Kashmere Gate ISBT,AIIMS,Cancelled by Customer,8.456351971326166,,
189,10,Bike,IMT Manesar,Vatika Chowk,Completed,8.456351971326166,29.149636274509803,24.637011666666666
190,10,Go Sedan,Faridabad Sector 15,Gurgaon Sector 29,Completed,8.456351971326166,29.149636274509803,24.637011666666666
192,10,Premier Sedan,Satguru Ram Singh Marg,Cyber Hub,Completed,8.456351971326166,29.149636274509803,24.637011666666666
201,11,Auto,Ghitorni Village,Golf Course Road,Cancelled by Driver,8.456351971326166,,
193,10,Bike,Mayur Vihar,Saket,Completed,8.456351971326166,29.149636274509803,24.637011666666666
194,10,Go Mini,Pragati Maidan,Palam Vihar,Completed,8.456351971326166,29.149636274509803,24.637011666666666
205,11,Auto,Moti Nagar,Botanical Garden,Cancelled by Driver,8.456351971326166,,
197,11,Go Sedan,Mansarovar Park,Faridabad Sector 15,Completed,8.456351971326166,29.149636274509803,24.637011666666666
199,11,Bike,INA Market,Badshahpur,Completed,8.456351971326166,29.149636274509803,24.637011666666666
200,11,Go Sedan,Udyog Vihar,Laxmi Nagar,Completed,8.456351971326166,29.149636274509803,24.637011666666666
208,11,Premier Sedan,Pulbangash,Rithala,Cancelled by Customer,8.456351971326166,,
210,11,Premier Sedan,Green Park,GTB Nagar,Cancelled by Customer,8.456351971326166,,
202,11,Auto,Vishwavidyalaya,Badarpur,Completed,8.456351971326166,29.149636274509803,24.637011666666666
203,11,Premier Sedan,Shahdara,Barakhamba Road,Completed,8.456351971326166,29.149636274509803,24.637011666666666
204,11,Go Mini,Punjabi Bagh,Shivaji Park,Completed,8.456351971326166,29.149636274509803,24.637011666666666
214,12,Go Sedan,Jasola,Dilshad Garden,Cancelled by Customer,8.456351971326166,,
206,11,Premier Sedan,Seelampur,Karol Bagh,Completed,8.456351971326166,29.149636274509803,24.637011666666666
216,12,Auto,Laxmi Nagar,Ashram,Cancelled by Driver,8.456351971326166,,
207,11,Auto,Subhash Chowk,Pulbangash,Completed,8.456351971326166,29.149636274509803,24.637011666666666
209,11,Go Mini,Panchsheel Park,Jor Bagh,Completed,8.456351971326166,29.149636274509803,24.637011666666666
211,11,Auto,DLF Phase 3,DLF City Court,Completed,8.456351971326166,29.149636274509803,24.637011666666666
212,12,Premier Sedan,Noida Sector 18,Connaught Place,Completed,8.456351971326166,29.149636274509803,24.637011666666666
213,12,Go Mini,Arjangarh,Lok Kalyan Marg,Completed,8.456351971326166,29.149636274509803,24.637011666666666
222,12,Uber XL,Indraprastha,Saket,Cancelled by Driver,8.456351971326166,,
223,12,Auto,New Delhi Railway Station,Hauz Rani,Cancelled by Customer,8.456351971326166,,
215,12,Bike,Lok Kalyan Marg,Peeragarhi,Completed,8.456351971326166,29.149636274509803,24.637011666666666
217,12,Bike,Paschim Vihar,Vatika Chowk,Completed,8.456351971326166,29.149636274509803,24.637011666666666
218,12,Go Mini,Maidan Garhi,Mehrauli,Completed,8.456351971326166,29.149636274509803,24.637011666666666
219,12,Go Mini,Paharganj,Ardee City,Completed,8.456351971326166,29.149636274509803,24.637011666666666
220,12,eBike,Subhash Nagar,Sohna Road,Completed,8.456351971326166,29.149636274509803,24.637011666666666
229,12,Go Mini,Mehrauli,Rohini West,Cancelled by Driver,8.456351971326166,,
221,12,Auto,Kalkaji,Meerut,Completed,8.456351971326166,29.149636274509803,24.637011666666666
232,13,Go Sedan,Rithala,Punjabi Bagh,Cancelled by Driver,8.456351971326166,,
233,13,Go Mini,Laxmi Nagar,Karol Bagh,Cancelled by Customer,8.456351971326166,,
224,12,Bike,Indraprastha,Adarsh Nagar,Completed,8.456351971326166,29.149636274509803,24.637011666666666
225,12,Premier Sedan,Rajouri Garden,Civil Lines Gurgaon,Completed,8.456351971326166,29.149636274509803,24.637011666666666
226,12,Go Sedan,Sultanpur,Samaypur Badli,Incomplete,8.456351971326166,29.149636274509803,24.637011666666666
236,13,Go Sedan,Shastri Nagar,IMT Manesar,Cancelled by Customer,8.456351971326166,,
227,12,Bike,Greater Kailash,Ashok Vihar,Completed,8.456351971326166,29.149636274509803,24.637011666666666
228,12,Go Mini,Panchsheel Park,Green Park,Completed,8.456351971326166,29.149636274509803,24.637011666666666
230,12,Auto,Moolchand,Ghitorni Village,Completed,8.456351971326166,29.149636274509803,24.637011666666666
231,13,Premier Sedan,Chhatarpur,Old Gurgaon,Completed,8.456351971326166,29.149636274509803,24.637011666666666
244,13,Premier Sedan,Mansarovar Park,Vaishali,No Driver Found,,,
245,13,Go Sedan,Arjangarh,Vinobapuri,No Driver Found,,,
246,13,Uber XL,Pataudi Chowk,Huda City Centre,No Driver Found,,,
234,13,Auto,Bhikaji Cama Place,Vinobapuri,Incomplete,8.456351971326166,29.149636274509803,24.637011666666666
235,13,Auto,IMT Manesar,Sushant Lok,Completed,8.456351971326166,29.149636274509803,24.637011666666666
237,13,eBike,Chandni Chowk,Ambience Mall,Completed,8.456351971326166,29.149636274509803,24.637011666666666
238,13,Bike,Ghitorni,IGNOU Road,Completed,8.456351971326166,29.149636274509803,24.637011666666666
239,13,Bike,Bhiwadi,Golf Course Road,Completed,8.456351971326166,29.149636274509803,24.637011666666666
240,13,Bike,Kadarpur,Vaishali,Completed,8.456351971326166,29.149636274509803,24.637011666666666
241,13,Go Sedan,MG Road,Kadarpur,Completed,8.456351971326166,29.149636274509803,24.637011666666666
242,13,Go Mini,Indraprastha,Kalkaji,Completed,8.456351971326166,29.149636274509803,24.637011666666666
252,14,Go Mini,Cyber Hub,IMT Manesar,Cancelled by Driver,8.456351971326166,,
243,13,Go Sedan,Peeragarhi,Azadpur,Incomplete,8.456351971326166,29.149636274509803,24.637011666666666
254,14,Auto,Greater Kailash,Tilak Nagar,Cancelled by Driver,8.456351971326166,,
247,13,Auto,Anand Vihar ISBT,AIIMS,Completed,8.456351971326166,29.149636274509803,24.637011666666666
248,13,Premier Sedan,Badarpur,Gwal Pahari,Completed,8.456351971326166,29.149636274509803,24.637011666666666
260,14,Go Mini,Bhikaji Cama Place,Gurgaon Sector 29,No Driver Found,,,
249,13,Go Mini,Patel Chowk,Welcome,Completed,8.456351971326166,29.149636274509803,24.637011666666666
250,13,Go Mini,India Gate,Samaypur Badli,Completed,8.456351971326166,29.149636274509803,24.637011666666666
251,13,Go Mini,MG Road,Sarai Kale Khan,Completed,8.456351971326166,29.149636274509803,24.637011666666666
264,14,Bike,Hauz Rani,Kadarpur,No Driver Found,,,
253,14,Go Mini,Sarojini Nagar,Ardee City,Incomplete,8.456351971326166,29.149636274509803,24.637011666666666
266,14,eBike,Vasant Kunj,Ramesh Nagar,No Driver Found,,,
262,14,Bike,Samaypur Badli,New Delhi Railway Station,Cancelled by Driver,8.456351971326166,,
255,14,Premier Sedan,Madipur,Botanical Garden,Completed,8.456351971326166,29.149636274509803,24.637011666666666
256,14,Premier Sedan,Paschim Vihar,Samaypur Badli,Completed,8.456351971326166,29.149636274509803,24.637011666666666
270,14,Go Mini,Kadarpur,Mansarovar Park,No Driver Found,,,
257,14,Bike,Tilak Nagar,Nirman Vihar,Incomplete,8.456351971326166,29.149636274509803,24.637011666666666
272,14,Go Mini,Madipur,Janakpuri,No Driver Found,,,
258,14,Go Sedan,Nehru Place,Hauz Rani,Completed,8.456351971326166,29.149636274509803,24.637011666666666
259,14,Bike,South Extension,Tagore Garden,Completed,8.456351971326166,29.149636274509803,24.637011666666666
261,14,Go Sedan,Ramesh Nagar,Ashok Park Main,Completed,8.456351971326166,29.149636274509803,24.637011666666666
276,15,Auto,Vidhan Sabha,IIT Delhi,No Driver Found,,,
263,14,Premier Sedan,GTB Nagar,Ramesh Nagar,Completed,8.456351971326166,29.149636274509803,24.637011666666666
265,14,Auto,Jahangirpuri,Badshahpur,Completed,8.456351971326166,29.149636274509803,24.637011666666666
267,14,Go Sedan,Mundka,New Delhi Railway Station,Completed,8.456351971326166,29.149636274509803,24.637011666666666
268,14,Premier Sedan,IGI Airport,Chandni Chowk,Completed,8.456351971326166,29.149636274509803,24.637011666666666
269,14,Bike,Pataudi Chowk,Peeragarhi,Completed,8.456351971326166,29.149636274509803,24.637011666666666
279,15,Premier Sedan,Barakhamba Road,Greater Noida,Cancelled by Customer,8.456351971326166,,
271,14,Go Sedan,DLF City Court,Lok Kalyan Marg,Completed,8.456351971326166,29.149636274509803,24.637011666666666
284,15,Auto,Panipat,Kaushambi,No Driver Found,,,
285,15,Auto,Panipat,Sarai Kale Khan,No Driver Found,,,
273,15,Go Sedan,Inderlok,Munirka,Incomplete,8.456351971326166,29.149636274509803,24.637011666666666
274,15,Bike,Green Park,Indirapuram,Completed,8.456351971326166,29.149636274509803,24.637011666666666
288,15,Go Sedan,Sadar Bazar Gurgaon,Faridabad Sector 15,No Driver Found,,,
275,15,Bike,Nehru Place,MG Road,Completed,8.456351971326166,29.149636274509803,24.637011666666666
290,15,Go Mini,GTB Nagar,Panipat,No Driver Found,,,
291,15,Uber XL,Ambience Mall,Ashok Vihar,No Driver Found,,,
292,15,Uber XL,Dwarka Sector 21,Hauz Khas,No Driver Found,,,
277,15,Go Sedan,Mayur Vihar,Sarai Kale Khan,Completed,8.456351971326166,29.149636274509803,24.637011666666666
278,15,Bike,Rohini West,Hero Honda Chowk,Completed,8.456351971326166,29.149636274509803,24.637011666666666
293,15,Bike,Meerut,Ardee City,Cancelled by Driver,8.456351971326166,,
280,15,Auto,Gurgaon Sector 29,Hero Honda Chowk,Completed,8.456351971326166,29.149636274509803,24.637011666666666
281,15,Uber XL,Mansarovar Park,Greater Kailash,Completed,8.456351971326166,29.149636274509803,24.637011666666666
294,15,Go Sedan,Chandni Chowk,South Extension,Cancelled by Driver,8.456351971326166,,
282,15,Go Sedan,Hauz Rani,Vaishali,Completed,8.456351971326166,29.149636274509803,24.637011666666666
295,15,Go Mini,Inderlok,Greater Noida,Cancelled by Customer,8.456351971326166,,
283,15,Go Mini,Bahadurgarh,Noida Extension,Completed,8.456351971326166,29.149636274509803,24.637011666666666
299,16,Go Sedan,Model Town,Ghitorni Village,Cancelled by Driver,8.456351971326166,,
286,15,Auto,Chirag Delhi,Laxmi Nagar,Completed,8.456351971326166,29.149636274509803,24.637011666666666
287,15,Go Sedan,Kirti Nagar,Kanhaiya Nagar,Completed,8.456351971326166,29.149636274509803,24.637011666666666
289,15,Auto,Malviya Nagar,Shastri Nagar,Completed,8.456351971326166,29.149636274509803,24.637011666666666
296,15,Go Sedan,Sonipat,Greater Noida,Completed,8.456351971326166,29.149636274509803,24.637011666666666
297,15,Go Mini,Shastri Park,Raj Nagar Extension,Completed,8.456351971326166,29.149636274509803,24.637011666666666
298,15,Premier Sedan,Rohini East,Punjabi Bagh,Completed,8.456351971326166,29.149636274509803,24.637011666666666
300,16,eBike,Shastri Park,New Colony,Completed,8.456351971326166,29.149636274509803,24.637011666666666
301,16,Auto,Lajpat Nagar,Pragati Maidan,Completed,8.456351971326166,29.149636274509803,24.637011666666666
302,16,Bike,New Delhi Railway Station,Moolchand,Completed,8.456351971326166,29.149636274509803,24.637011666666666
303,16,Go Mini,Saidulajab,Khandsa,Completed,8.456351971326166,29.149636274509803,24.637011666666666
304,16,Go Mini,IMT Manesar,India Gate,Completed,8.456351971326166,29.149636274509803,24.637011666666666
310,17,Go Sedan,Ambience Mall,Tagore Garden,Cancelled by Driver,8.456351971326166,,
311,17,Go Sedan,Panipat,Okhla,Cancelled by Driver,8.456351971326166,,
312,17,Premier Sedan,Badarpur,Arjangarh,Cancelled by Driver,8.456351971326166,,
305,16,Bike,IMT Manesar,Janakpuri,Completed,8.456351971326166,29.149636274509803,24.637011666666666
314,17,Go Sedan,Rohini,Ramesh Nagar,Cancelled by Driver,8.456351971326166,,
315,17,Premier Sedan,MG Road,Badshahpur,Cancelled by Driver,8.456351971326166,,
316,17,Go Sedan,Nirman Vihar,Moti Nagar,Cancelled by Driver,8.456351971326166,,
306,16,eBike,Punjabi Bagh,Vidhan Sabha,Completed,8.456351971326166,29.149636274509803,24.637011666666666
307,16,Bike,Pataudi Chowk,Pitampura,Completed,8.456351971326166,29.149636274509803,24.637011666666666
317,17,Go Mini,MG Road,Inderlok,Cancelled by Driver,8.456351971326166,,
308,17,Auto,Udyog Vihar,Ambience Mall,Completed,8.456351971326166,29.149636274509803,24.637011666666666
319,17,Go Sedan,Tis Hazari,Greater Kailash,Cancelled by Customer,8.456351971326166,,
309,17,Auto,Okhla,Pragati Maidan,Completed,8.456351971326166,29.149636274509803,24.637011666666666
313,17,Auto,Tis Hazari,Patel Chowk,Completed,8.456351971326166,29.149636274509803,24.637011666666666
318,17,Premier Sedan,Netaji Subhash Place,Kanhaiya Nagar,Completed,8.456351971326166,29.149636274509803,24.637011666666666
320,17,Go Mini,Ghitorni,Paharganj,Completed,8.456351971326166,29.149636274509803,24.637011666666666
321,17,eBike,Rohini West,INA Market,Completed,8.456351971326166,29.149636274509803,24.637011666666666
322,17,Auto,Qutub Minar,Sadar Bazar Gurgaon,Completed,8.456351971326166,29.149636274509803,24.637011666666666
323,17,Go Mini,Qutub Minar,Govindpuri,Incomplete,8.456351971326166,29.149636274509803,24.637011666666666
328,18,Go Sedan,Shivaji Park,Paharganj,Cancelled by Driver,8.456351971326166,,
324,17,Go Sedan,Anand Vihar,Karkarduma,Completed,8.456351971326166,29.149636274509803,24.637011666666666
325,17,Go Mini,Welcome,Sushant Lok,Incomplete,8.456351971326166,29.149636274509803,24.637011666666666
331,18,Auto,Saket,Vidhan Sabha,Cancelled by Driver,8.456351971326166,,
332,18,Auto,Vinobapuri,Sushant Lok,Cancelled by Driver,8.456351971326166,,
326,18,Go Sedan,Shahdara,Botanical Garden,Completed,8.456351971326166,29.149636274509803,24.637011666666666
327,18,Auto,Welcome,Moti Nagar,Completed,8.456351971326166,29.149636274509803,24.637011666666666
336,18,Go Sedan,Govindpuri,Keshav Puram,Cancelled by Driver,8.456351971326166,,
329,18,Go Sedan,Vatika Chowk,Tughlakabad,Completed,8.456351971326166,29.149636274509803,24.637011666666666
330,18,Premier Sedan,AIIMS,Shivaji Park,Completed,8.456351971326166,29.149636274509803,24.637011666666666
333,18,Bike,Pulbangash,Dwarka Mor,Completed,8.456351971326166,29.149636274509803,24.637011666666666
334,18,Go Sedan,Huda City Centre,Meerut,Completed,8.456351971326166,29.149636274509803,24.637011666666666
335,18,Uber XL,Palam Vihar,Narsinghpur,Incomplete,8.456351971326166,29.149636274509803,24.637011666666666
337,18,Go Mini,Ghitorni Village,Vaishali,Completed,8.456351971326166,29.149636274509803,24.637011666666666
345,19,Auto,Civil Lines Gurgaon,Subhash Nagar,Cancelled by Driver,8.456351971326166,,
338,19,Auto,Noida Sector 62,Paharganj,Completed,8.456351971326166,29.149636274509803,24.637011666666666
339,19,Auto,Vidhan Sabha,Greater Kailash,Incomplete,8.456351971326166,29.149636274509803,24.637011666666666
340,19,Auto,Azadpur,Pataudi Chowk,Completed,8.456351971326166,29.149636274509803,24.637011666666666
341,19,Auto,Subhash Nagar,Uttam Nagar,Completed,8.456351971326166,29.149636274509803,24.637011666666666
342,19,Go Mini,Jama Masjid,Kirti Nagar,Completed,8.456351971326166,29.149636274509803,24.637011666666666
343,19,Premier Sedan,Dilshad Garden,Subhash Chowk,Completed,8.456351971326166,29.149636274509803,24.637011666666666
350,19,Go Sedan,Yamuna Bank,IGNOU Road,Cancelled by Driver,8.456351971326166,,
344,19,Auto,Connaught Place,Bhikaji Cama Place,Completed,8.456351971326166,29.149636274509803,24.637011666666666
346,19,Go Sedan,Gurgaon Sector 29,Kirti Nagar,Completed,8.456351971326166,29.149636274509803,24.637011666666666
347,19,Go Mini,Connaught Place,New Colony,Incomplete,8.456351971326166,29.149636274509803,24.637011666666666
348,19,Go Mini,Nehru Place,Ardee City,Completed,8.456351971326166,29.149636274509803,24.637011666666666
349,19,Auto,Manesar,Sarojini Nagar,Completed,8.456351971326166,29.149636274509803,24.637011666666666
360,20,Auto,New Delhi Railway Station,Huda City Centre,No Driver Found,,,
361,20,Bike,Khandsa,Netaji Subhash Place,No Driver Found,,,
359,20,Premier Sedan,Pitampura,Sarojini Nagar,Cancelled by Driver,8.456351971326166,,
351,19,eBike,Qutub Minar,Arjangarh,Completed,8.456351971326166,29.149636274509803,24.637011666666666
352,19,Premier Sedan,Narsinghpur,Vishwavidyalaya,Completed,8.456351971326166,29.149636274509803,24.637011666666666
353,19,Go Mini,Lajpat Nagar,Aya Nagar,Incomplete,8.456351971326166,29.149636274509803,24.637011666666666
354,19,Bike,Ghitorni Village,Jasola,Incomplete,8.456351971326166,29.149636274509803,24.637011666666666
367,20,Go Mini,Sonipat,IFFCO Chowk,No Driver Found,,,
368,20,Auto,Lal Quila,IMT Manesar,No Driver Found,,,
355,20,Go Sedan,Lal Quila,MG Road,Completed,8.456351971326166,29.149636274509803,24.637011666666666
356,20,Premier Sedan,Pulbangash,Maidan Garhi,Completed,8.456351971326166,29.149636274509803,24.637011666666666
357,20,Auto,Govindpuri,Maidan Garhi,Completed,8.456351971326166,29.149636274509803,24.637011666666666
358,20,Premier Sedan,Pulbangash,Madipur,Completed,8.456351971326166,29.149636274509803,24.637011666666666
371,20,Go Sedan,Noida Sector 62,Akshardham,Cancelled by Driver,8.456351971326166,,
372,20,Bike,Noida Film City,Botanical Garden,Cancelled by Driver,8.456351971326166,,
362,20,Go Sedan,Old Gurgaon,Connaught Place,Completed,8.456351971326166,29.149636274509803,24.637011666666666
363,20,Go Mini,Ghitorni Village,Ambience Mall,Completed,8.456351971326166,29.149636274509803,24.637011666666666
364,20,Go Sedan,IMT Manesar,Khan Market,Completed,8.456351971326166,29.149636274509803,24.637011666666666
365,20,eBike,Indraprastha,Central Secretariat,Completed,8.456351971326166,29.149636274509803,24.637011666666666
366,20,Go Sedan,Moolchand,Laxmi Nagar,Incomplete,8.456351971326166,29.149636274509803,24.637011666666666
376,21,Go Mini,MG Road,Lal Quila,Cancelled by Driver,8.456351971326166,,
369,20,Auto,Netaji Subhash Place,Bhikaji Cama Place,Completed,8.456351971326166,29.149636274509803,24.637011666666666
370,20,eBike,Lal Quila,Gurgaon Sector 29,Completed,8.456351971326166,29.149636274509803,24.637011666666666
373,20,Bike,Jahangirpuri,Qutub Minar,Completed,8.456351971326166,29.149636274509803,24.637011666666666
374,21,Go Mini,Okhla,Kashmere Gate,Completed,8.456351971326166,29.149636274509803,24.637011666666666
375,21,eBike,Vishwavidyalaya,Cyber Hub,Completed,8.456351971326166,29.149636274509803,24.637011666666666
377,21,Go Mini,Bahadurgarh,Mansarovar Park,Completed,8.456351971326166,29.149636274509803,24.637011666666666
387,21,Go Mini,Maidan Garhi,Samaypur Badli,No Driver Found,,,
378,21,Bike,Hauz Rani,Nirman Vihar,Completed,8.456351971326166,29.149636274509803,24.637011666666666
379,21,Auto,Sarojini Nagar,Kirti Nagar,Completed,8.456351971326166,29.149636274509803,24.637011666666666
380,21,Go Mini,Vaishali,Barakhamba Road,Completed,8.456351971326166,29.149636274509803,24.637011666666666
381,21,Auto,Ashok Vihar,Kaushambi,Completed,8.456351971326166,29.149636274509803,24.637011666666666
382,21,Auto,Ashram,Azadpur,Completed,8.456351971326166,29.149636274509803,24.637011666666666
383,21,Auto,Sultanpur,Kashmere Gate,Incomplete,8.456351971326166,29.149636274509803,24.637011666666666
384,21,Go Mini,Pitampura,Nirman Vihar,Completed,8.456351971326166,29.149636274509803,24.637011666666666
385,21,Auto,Subhash Chowk,Pulbangash,Completed,8.456351971326166,29.149636274509803,24.637011666666666
394,22,Bike,Connaught Place,Rajouri Garden,Cancelled by Customer,8.456351971326166,,
386,21,Go Mini,Noida Film City,Vinobapuri,Completed,8.456351971326166,29.149636274509803,24.637011666666666
388,21,Uber XL,Nirman Vihar,Greater Noida,Completed,8.456351971326166,29.149636274509803,24.637011666666666
389,21,Go Mini,Peeragarhi,Maidan Garhi,Completed,8.456351971326166,29.149636274509803,24.637011666666666
390,22,Bike,Vaishali,Subhash Nagar,Completed,8.456351971326166,29.149636274509803,24.637011666666666
391,22,Auto,Azadpur,Rajiv Nagar,Completed,8.456351971326166,29.149636274509803,24.637011666666666
392,22,Uber XL,Pataudi Chowk,INA Market,Completed,8.456351971326166,29.149636274509803,24.637011666666666
393,22,Go Sedan,Jor Bagh,Kalkaji,Completed,8.456351971326166,29.149636274509803,24.637011666666666
402,22,Auto,Faridabad Sector 15,Narsinghpur,Cancelled by Driver,8.456351971326166,,
403,22,Bike,Paschim Vihar,Basai Dhankot,Cancelled by Driver,8.456351971326166,,
395,22,Uber XL,Paschim Vihar,Dwarka Mor,Completed,8.456351971326166,29.149636274509803,24.637011666666666
396,22,Bike,Udyog Vihar Phase 4,Nehru Place,Completed,8.456351971326166,29.149636274509803,24.637011666666666
397,22,Go Sedan,Arjangarh,Paschim Vihar,Completed,8.456351971326166,29.149636274509803,24.637011666666666
398,22,Go Mini,Ghaziabad,Khandsa,Completed,8.456351971326166,29.149636274509803,24.637011666666666
410,22,Go Mini,Golf Course Road,Chhatarpur,No Driver Found,,,
411,22,Bike,Sikanderpur,Connaught Place,No Driver Found,,,
412,22,Bike,IFFCO Chowk,Mandi House,No Driver Found,,,
399,22,Go Sedan,Mansarovar Park,Punjabi Bagh,Incomplete,8.456351971326166,29.149636274509803,24.637011666666666
400,22,eBike,Greater Noida,Noida Film City,Completed,8.456351971326166,29.149636274509803,24.637011666666666
401,22,Go Mini,Kanhaiya Nagar,Samaypur Badli,Completed,8.456351971326166,29.149636274509803,24.637011666666666
416,23,Go Sedan,Nawada,Malviya Nagar,No Driver Found,,,
413,23,Go Sedan,Kadarpur,Bhiwadi,Cancelled by Driver,8.456351971326166,,
414,23,Go Sedan,Connaught Place,Dwarka Mor,Cancelled by Driver,8.456351971326166,,
419,23,Auto,Faridabad Sector 15,Udyog Bhawan,No Driver Found,,,
420,23,Premier Sedan,Udyog Bhawan,Samaypur Badli,No Driver Found,,,
421,23,Premier Sedan,Bahadurgarh,Greater Noida,No Driver Found,,,
422,23,Auto,IIT Delhi,Tilak Nagar,No Driver Found,,,
404,22,Premier Sedan,Rohini East,IGI Airport,Completed,8.456351971326166,29.149636274509803,24.637011666666666
405,22,Bike,Meerut,Delhi Gate,Completed,8.456351971326166,29.149636274509803,24.637011666666666
406,22,Auto,IGI Airport,Paschim Vihar,Completed,8.456351971326166,29.149636274509803,24.637011666666666
407,22,Go Mini,Golf Course Road,Noida Film City,Completed,8.456351971326166,29.149636274509803,24.637011666666666
408,22,Premier Sedan,Janakpuri,Govindpuri,Completed,8.456351971326166,29.149636274509803,24.637011666666666
423,23,Bike,Gurgaon Railway Station,Huda City Centre,Cancelled by Customer,8.456351971326166,,
409,22,Go Mini,Dwarka Sector 21,Kashmere Gate ISBT,Completed,8.456351971326166,29.149636274509803,24.637011666666666
428,23,Premier Sedan,Dwarka Sector 21,Maidan Garhi,Cancelled by Customer,8.456351971326166,,
415,23,Go Mini,MG Road,Shastri Park,Completed,8.456351971326166,29.149636274509803,24.637011666666666
